N,total,se,df,t_star,ci_lower,ci_upper
5664,630098,30005.996856628506,41,2.0195409704413754,569499.6599891036,690696.3400108964
